RCCGGAAGCCAAACTGGG,TGGTGGTGCGGWAGATCTCTTT,F1,,,H1
CTGACCATGACYGAAGAAGCC,CCCAGSCCAACGTGGATTT,,,A1,F2
TGGTCGGAAAACGGGAAAAAGAC,CGCTGATGCYGGCGATGTT,A3,,,A1
TGCGTCGCAAAGGGAGGA,ACACCAGCATTAATTTTYCTGGGGAT,,,,
GGCGGTCCAACTTTTCAAAACTCT,TCAACCTGATTTGCCGAATCCC,,,,
TGAACCCTGTTTAAGCAGAAAATCGT,GGAGTGACACCCTGGCCTTT,,,,
GCCTTGGGGTTCTGGCAAAAATTT,ACAGCATAACTGCGAAGGCATT,D1,,,F1
GAGCAGAAGATATTCATYAGCAACGA,TCCCGYATAAGAAAGAGGCATTTTTT,,,,
GATAAYCGRGTGAAGGTGAATAGTG,CCAGTTCACACCGGCCAC,F9,,,A2
TCAGACACAAGGGATTGCGTG,GTAATCCAGTATGTATGCATCGCCAT,F10,,,B2
GACTACGCATCAGACTGAAAAACGA,AGCAGRCTAYTTTCACTGGGTTTT,F11,,,C2
CCTGTACCTGAARAKCCGTTTTCC,GCTATTACWGTTTCAKGTGATTCACC,,,,
AAATGCCCCCTTCAACCACG,CACGAATATTTTGAAATCACCTGTTG,,,,
CGCCGAACGTGGGCAATATTTT,ARAATTGATGRCGTTGGGATTCCAG,B2,,,B1
GGWAAGAACTATGCGCATGAAGGC,CACAGWRATCAAAACTGAATCCGTCA,,,,
GGGTAATCARCCGGAAGAGGTC,GGCGACGCGAATCATTTTTTCCT,,,,
TGATATAAAGCTCGTGCCAACAGAGA,TGCTTTCCGGATGTTCCAGC,,,,
AYYGGGAAGAACAACAACCC,TTGTGTCTTTTGCGGAAGTGGT,B6,,,C1
AGTATCSTGCTGCTGGAKAAAAATTT,AGGAAAGRTAGAGCATWTTGCTCAGT,B7,,,D1
TCGCGCCRGGCAAAAACAT,GRTGCGCCCAGGTGAAG,B8,,,E1
GTTTTGGCGTTGAACGCGATG,ACATCACCGAAATAGCGGGAGTAAT,,,B3,G2
CGCGCCAGGATGGCTTT,TTGGTCTTTTCATAAGGGCGCA,,,,
GAAGTACGGTCCGGATGCC,GAATCCGCCGGGTTATACCC,,,B5,H2
GGGGCTCTTCGATACAAACGTGA,AAATTTAGCGATGTAGAGATGCCCAG,,,,
CCTTGCTACCGTTGTTAAGCCTTC,CCGCRTAGAGAAAACCAATCTGT,,,B7,A3
CCGCTGGCAAAACTGCGT,TTTCCATAATCCCGYTGAACACC,,H2,,D2
GCGCATCATGAAGTCATCAGTCG,GCATTCAGCCGTATAAGTCTCCCC,,,,
TGTTTCGYACTCACGCTCAG,GCGAGGCAATCAGCAGTATCATT,,H4,,E2
TCCACACTCAATTACACATGCGG,CGGCGACGCGAATCATTTTTT,E11,,,G1
GTTCAGGAACATTCCCTGAAATGTCA,YGGCTTACCCGGGACACT,,,,